Step,x-coordinate,y-coordinate,Actions
1,0,0,F
2,0,1,F
3,0,2,RRF
4,0,1,F
5,0,0,LF
6,1,0,LF
7,1,1,RRF
8,1,0,LF
9,2,0,LF
10,2,1,RRF
11,2,0,LF
12,3,0,LF
13,3,1,RRF
14,3,0,LF
15,4,0,LF
16,4,1,F
17,4,2,RF
18,5,2,RF
19,5,1,LF
20,6,1,LF
21,6,2,F
22,6,3,RF
23,7,3,F
24,8,3,F
25,9,3,LF
26,9,4,LF
27,8,4,F
28,7,4,F
29,6,4,RRF
30,7,4,LF
31,7,5,LF
32,6,5,F
33,5,5,LF
34,5,4,F
35,5,3,RRF
36,5,4,F
37,5,5,F
38,5,6,LF
39,4,6,LF
40,4,5,F
41,4,4,RRF
42,4,5,LF
43,3,5,F
44,2,5,LF
45,2,4,RF
46,1,4,F
47,0,4,LF
48,0,3,LF
49,1,3,F
50,2,3,F
51,3,3,LF
52,3,4,RRF
53,3,3,LF
54,4,3,RRF
55,3,3,F
56,2,3,F
57,1,3,LF
58,1,2,LF
59,2,2,F
60,3,2,RRF
61,2,2,F
62,1,2,RF
63,1,3,LF
64,0,3,RF
65,0,4,RF
66,1,4,F
67,2,4,LF
68,2,5,LF
69,1,5,RF
70,1,6,LF
71,0,6,LF
72,0,5,RRF
73,0,6,F
74,0,7,RRF
75,0,6,LF
76,1,6,LF
77,1,7,RRF
78,1,6,F
79,1,5,LF
80,2,5,F
81,3,5,F
82,4,5,LF
83,4,6,LF
84,3,6,F
85,2,6,RF
86,2,7,F
87,2,8,RRF
88,2,7,LF
89,3,7,LF
90,3,8,F
91,3,9,LF
92,2,9,F
93,1,9,LF
94,1,8,RRF
95,1,9,LF
96,0,9,LF
97,0,8,RRF
98,0,9,F
99,0,10,RRF
100,0,9,LF
101,1,9,F
102,2,9,F
103,3,9,RF
104,3,8,F
105,3,7,LF
106,4,7,RRF
107,3,7,F
108,2,7,LF
109,2,6,LF
110,3,6,F
111,4,6,F
112,5,6,LF
113,5,7,F
114,5,8,RRF
115,5,7,F
116,5,6,F
117,5,5,LF
118,6,5,LF
119,6,6,RRF
120,6,5,LF
121,7,5,LF
122,7,6,RRF
123,7,5,LF
124,8,5,LF
125,8,6,RF
126,9,6,F
127,10,6,LF
128,10,7,LF
129,9,7,RRF
130,10,7,LF
131,10,8,LF
132,9,8,F
133,8,8,LF
134,8,7,RF
135,7,7,RRF
136,8,7,LF
137,8,8,RF
138,9,8,LF
139,9,9,F
140,9,10,LF
141,8,10,LF
142,8,9,RRF
143,8,10,RF
144,9,10,F
145,10,10,LF
146,10,11,LF
147,9,11,F
148,8,11,F
149,7,11,F
150,6,11,LF
151,6,10,LF
152,7,10,RRF
153,6,10,LF
154,6,9,F
155,6,8,LF
156,7,8,LF
157,7,9,RRF
158,7,8,RF
159,6,8,LF
160,6,7,RRF
161,6,8,F
162,6,9,F
163,6,10,LF
164,5,10,LF
165,5,9,RF
166,4,9,LF
167,4,8,RRF
168,4,9,RF
169,5,9,LF
170,5,10,LF
171,4,10,F
172,3,10,F
173,2,10,F
174,1,10,RRF
175,2,10,LF
176,2,11,RRF
177,2,10,LF
178,3,10,F
179,4,10,LF
180,4,11,LF
181,3,11,RRF
182,4,11,RF
183,4,10,LF
184,5,10,F
185,6,10,LF
186,6,11,F
187,6,12,LF
188,5,12,LF
189,5,11,RRF
190,5,12,RF
191,6,12,RF
192,6,11,LF
193,7,11,F
194,8,11,LF
195,8,12,F
196,8,13,F
197,8,14,LF
198,7,14,F
199,6,14,RRF
200,7,14,LF
201,7,15,LF
202,6,15,RRF
203,7,15,F
204,8,15,LF
205,8,16,RRF
206,8,15,RF
207,7,15,LF
208,7,14,LF
209,8,14,RF
210,8,13,F
211,8,12,F
212,8,11,LF
213,9,11,F
214,10,11,F
215,11,11,LF
216,11,12,LF
217,10,12,F
218,9,12,RRF
219,10,12,F
220,11,12,LF
221,11,13,LF
222,10,13,RF
223,10,14,RRF
224,10,13,LF
225,11,13,LF
226,11,14,RF
227,12,14,RRF
228,11,14,LF
229,11,13,LF
230,12,13,F
231,13,13,RF
232,13,12,LF
233,14,12,F
234,15,12,LF
235,15,13,RRF
236,15,12,RF
237,14,12,F
238,13,12,RF
239,13,13,LF
240,12,13,LF
241,12,12,RRF
242,12,13,LF
243,11,13,LF
244,11,12,F
245,11,11,LF
246,12,11,RRF
247,11,11,F
248,10,11,LF
249,10,10,F
250,10,9,LF
251,11,9,F
252,12,9,LF
253,12,10,LF
254,11,10,RRF
255,12,10,F
256,13,10,LF
257,13,11,RRF
258,13,10,LF
259,14,10,RF
260,14,9,LF
261,15,9,RRF
262,14,9,RF
263,14,10,LF
264,13,10,LF
265,13,9,F
266,13,8,LF
267,14,8,RF
268,14,7,F
269,14,6,RRF
270,14,7,F
271,14,8,LF
272,13,8,RF
273,13,9,F
274,13,10,LF
275,12,10,LF
276,12,9,RF
277,11,9,F
278,10,9,RF
279,10,10,LF
280,9,10,LF
281,9,9,F
282,9,8,LF
283,10,8,F
284,11,8,F
285,12,8,RF
286,12,7,LF
287,13,7,RF
288,13,6,F
289,13,5,LF
290,14,5,RF
291,14,4,LF
292,15,4,F
293,16,4,F
294,17,4,LF
295,17,5,RF
296,18,5,RRF
297,17,5,LF
298,17,4,F
299,17,3,LF
300,18,3,F
301,19,3,LF
302,19,4,LF
303,18,4,RRF
304,19,4,LF
305,19,5,F
306,19,6,LF
307,18,6,F
308,17,6,F
309,16,6,F
310,15,6,LF
311,15,5,LF
312,16,5,RRF
313,15,5,RF
314,15,6,F
315,15,7,F
316,15,8,RRF
317,15,7,F
318,15,6,LF
319,16,6,LF
320,16,7,RRF
321,16,6,LF
322,17,6,F
323,18,6,LF
324,18,7,LF
325,17,7,RF
326,17,8,LF
327,16,8,RRF
328,17,8,F
329,18,8,LF
330,18,9,LF
331,17,9,F
332,16,9,RRF
333,17,9,F
334,18,9,RF
335,18,8,LF
336,19,8,LF
337,19,9,F
338,19,10,RF
339,20,10,RF
340,20,9,RRF
341,20,10,LF
342,19,10,LF
343,19,9,F
344,19,8,LF
345,20,8,RF
346,20,7,LF
347,21,7,RRF
348,20,7,RF
349,20,8,LF
350,19,8,F
351,18,8,F
352,17,8,LF
353,17,7,LF
354,18,7,F
355,19,7,RRF
356,18,7,LF
357,18,6,LF
358,19,6,F
359,20,6,F
360,21,6,F
361,22,6,LF
362,22,7,RRF
363,22,6,LF
364,23,6,LF
365,23,7,RF
366,24,7,F
367,25,7,LF
368,25,8,RRF
369,25,7,LF
370,26,7,F
371,27,7,LF
372,27,8,F
373,27,9,LF
374,26,9,LF
375,26,8,RRF
376,26,9,RF
377,27,9,RF
378,27,8,LF
379,28,8,F
380,29,8,LF
381,29,9,F
382,29,10,RRF
383,29,9,F
384,29,8,RF
385,28,8,F
386,27,8,LF
387,27,7,LF
388,28,7,F
389,29,7,F
390,30,7,LF
391,30,8,RF
392,31,8,LF
393,31,9,LF
394,30,9,RF
395,30,10,RRF
396,30,9,LF
397,31,9,LF
398,31,10,F
399,31,11,F
400,31,12,LF
401,30,12,F
402,29,12,F
403,28,12,LF
404,28,11,LF
405,29,11,F
406,30,11,RRF
407,29,11,F
408,28,11,RF
409,28,12,LF
410,27,12,LF
411,27,11,F
412,27,10,LF
413,28,10,RF
414,28,9,RRF
415,28,10,LF
416,27,10,RF
417,27,11,F
418,27,12,LF
419,26,12,LF
420,26,11,RF
421,25,11,F
422,24,11,RRF
423,25,11,F
424,26,11,LF
425,26,12,LF
426,25,12,F
427,24,12,F
428,23,12,LF
429,23,11,F
430,23,10,F
431,23,9,LF
432,24,9,LF
433,24,10,RF
434,25,10,F
435,26,10,RRF
436,25,10,LF
437,25,9,RRF
438,25,10,LF
439,24,10,LF
440,24,9,F
441,24,8,RF
442,23,8,RRF
443,24,8,LF
444,24,9,LF
445,23,9,F
446,22,9,LF
447,22,8,RRF
448,22,9,LF
449,21,9,LF
450,21,8,RRF
451,21,9,RF
452,22,9,LF
453,22,10,LF
454,21,10,RRF
455,22,10,RF
456,22,9,LF
457,23,9,LF
458,23,10,F
459,23,11,LF
460,22,11,F
461,21,11,RF
462,21,12,F
463,21,13,LF
464,20,13,LF
465,20,12,RF
466,19,12,LF
467,19,11,LF
468,20,11,RRF
469,19,11,RF
470,19,12,LF
471,18,12,LF
472,18,11,F
473,18,10,RRF
474,18,11,LF
475,17,11,LF
476,17,10,RF
477,16,10,F
478,15,10,RF
479,15,11,LF
480,14,11,RRF
481,15,11,F
482,16,11,RRF
483,15,11,LF
484,15,10,LF
485,16,10,F
486,17,10,LF
487,17,11,RF
488,18,11,LF
489,18,12,RF
490,19,12,LF
491,19,13,LF
492,18,13,F
493,17,13,F
494,16,13,LF
495,16,12,LF
496,17,12,RRF
497,16,12,RF
498,16,13,RF
499,17,13,LF
500,17,14,LF
501,16,14,RRF
502,17,14,LF
503,17,15,F
504,17,16,LF
505,16,16,RRF
506,17,16,RF
507,17,15,LF
508,18,15,LF
509,18,16,F
510,18,17,F
511,18,18,LF
512,17,18,LF
513,17,17,RF
514,16,17,F
515,15,17,LF
516,15,16,RF
517,14,16,LF
518,14,15,LF
519,15,15,F
520,16,15,RRF
521,15,15,LF
522,15,14,RRF
523,15,15,LF
524,14,15,LF
525,14,14,F
526,14,13,RRF
527,14,14,F
528,14,15,LF
529,13,15,LF
530,13,14,RRF
531,13,15,LF
532,12,15,F
533,11,15,F
534,10,15,RRF
535,11,15,F
536,12,15,F
537,13,15,LF
538,13,16,LF
539,12,16,F
540,11,16,RRF
541,12,16,F
542,13,16,LF
543,13,17,LF
544,12,17,RRF
545,13,17,RF
546,13,16,F
547,13,15,LF
548,14,15,LF
549,14,16,F
550,14,17,RRF
551,14,16,LF
552,15,16,LF
553,15,17,RF
554,16,17,F
555,17,17,LF
556,17,18,LF
557,16,18,RF
558,16,19,F
559,16,20,LF
560,15,20,LF
561,15,19,F
562,15,18,RF
563,14,18,RRF
564,15,18,LF
565,15,19,F
566,15,20,LF
567,14,20,RRF
568,15,20,F
569,16,20,LF
570,16,21,LF
571,15,21,F
572,14,21,F
573,13,21,LF
574,13,20,F
575,13,19,LF
576,14,19,RRF
577,13,19,F
578,12,19,LF
579,12,18,LF
580,13,18,RRF
581,12,18,F
582,11,18,RRF
583,12,18,LF
584,12,19,LF
585,11,19,RRF
586,12,19,F
587,13,19,LF
588,13,20,LF
589,12,20,F
590,11,20,RRF
591,12,20,F
592,13,20,LF
593,13,21,LF
594,12,21,F
595,11,21,RRF
596,12,21,F
597,13,21,LF
598,13,22,LF
599,12,22,F
600,11,22,RF
601,11,23,F
602,11,24,LF
603,10,24,RRF
604,11,24,F
605,12,24,RF
606,12,23,LF
607,13,23,LF
608,13,24,F
609,13,25,LF
610,12,25,RF
611,12,26,LF
612,11,26,LF
613,11,25,RRF
614,11,26,F
615,11,27,LF
616,10,27,RRF
617,11,27,LF
618,11,28,LF
619,10,28,RF
620,10,29,F
621,10,30,F
622,10,31,LF
623,9,31,LF
624,9,30,F
625,9,29,RF
626,8,29,RRF
627,9,29,LF
628,9,30,LF
629,8,30,RRF
630,9,30,LF
631,9,31,RF
632,10,31,LF
633,10,32,F
634,10,33,F
635,10,34,LF
636,9,34,F
637,8,34,LF
638,8,33,LF
639,9,33,RF
640,9,32,RRF
641,9,33,LF
642,8,33,RF
643,8,34,LF
644,7,34,LF
645,7,33,F
646,7,32,LF
647,8,32,RRF
648,7,32,RF
649,7,33,F
650,7,34,LF
651,6,34,F
652,5,34,F
653,4,34,LF
654,4,33,LF
655,5,33,RF
656,5,32,LF
657,6,32,LF
658,6,33,RRF
659,6,32,F
660,6,31,LF
661,7,31,F
662,8,31,RRF
663,7,31,F
664,6,31,RF
665,6,32,LF
666,5,32,LF
667,5,31,F
668,5,30,LF
669,6,30,RRF
670,5,30,LF
671,5,29,RRF
672,5,30,LF
673,4,30,LF
674,4,29,F
675,4,28,LF
676,5,28,F
677,6,28,LF
678,6,29,RF
679,7,29,LF
680,7,30,RRF
681,7,29,RF
682,6,29,LF
683,6,28,F
684,6,27,LF
685,7,27,LF
686,7,28,RRF
687,7,27,LF
688,8,27,RRF
689,7,27,LF
690,7,26,LF
691,8,26,F
692,9,26,LF
693,9,27,F
694,9,28,LF
695,8,28,RRF
696,9,28,RF
697,9,27,F
698,9,26,LF
699,10,26,RRF
700,9,26,LF
701,9,25,LF
702,10,25,RRF
703,9,25,LF
704,9,24,RRF
705,9,25,F
706,9,26,LF
707,8,26,F
708,7,26,LF
709,7,25,LF
710,8,25,RF
711,8,24,F
712,8,23,LF
713,9,23,F
714,10,23,RF
715,10,22,RRF
716,10,23,LF
717,9,23,LF
718,9,22,F
719,9,21,RF
720,8,21,LF
721,8,20,LF
722,9,20,F
723,10,20,LF
724,10,21,RRF
725,10,20,RF
726,9,20,F
727,8,20,LF
728,8,19,LF
729,9,19,RRF
730,8,19,LF
731,8,18,LF
732,9,18,F
733,10,18,LF
734,10,19,RRF
735,10,18,RF
736,9,18,F
737,8,18,LF
738,8,17,LF
739,9,17,F
740,10,17,F
741,11,17,RRF
742,10,17,LF
743,10,16,RRF
744,10,17,LF
745,9,17,LF
746,9,16,F
747,9,15,F
748,9,14,F
749,9,13,RRF
750,9,14,F
751,9,15,F
752,9,16,F
753,9,17,LF
754,8,17,RF
755,8,18,LF
756,7,18,RRF
757,8,18,LF
758,8,19,LF
759,7,19,F
760,6,19,F
761,5,19,F
762,4,19,F
763,3,19,RRF
764,4,19,LF
765,4,20,LF
766,3,20,RRF
767,4,20,RF
768,4,19,LF
769,5,19,F
770,6,19,LF
771,6,20,LF
772,5,20,RF
773,5,21,LF
774,4,21,F
775,3,21,RRF
776,4,21,F
777,5,21,LF
778,5,22,RF
779,6,22,LF
780,6,23,F
781,6,24,F
782,6,25,LF
783,5,25,F
784,4,25,LF
785,4,24,RF
786,3,24,LF
787,3,23,LF
788,4,23,F
789,5,23,LF
790,5,24,RRF
791,5,23,RF
792,4,23,LF
793,4,22,RRF
794,4,23,LF
795,3,23,LF
796,3,22,RF
797,2,22,F
798,1,22,LF
799,1,21,LF
800,2,21,RRF
801,1,21,LF
802,1,20,LF
803,2,20,RRF
804,1,20,LF
805,1,19,LF
806,2,19,RF
807,2,18,LF
808,3,18,F
809,4,18,RF
810,4,17,LF
811,5,17,LF
812,5,18,RF
813,6,18,RF
814,6,17,F
815,6,16,LF
816,7,16,LF
817,7,17,RRF
818,7,16,RF
819,6,16,RF
820,6,17,F
821,6,18,LF
822,5,18,LF
823,5,17,F
824,5,16,RF
825,4,16,RRF
826,5,16,LF
827,5,17,LF
828,4,17,F
829,3,17,LF
830,3,16,RF
831,2,16,LF
832,2,15,F
833,2,14,LF
834,3,14,RRF
835,2,14,F
836,1,14,LF
837,1,13,LF
838,2,13,F
839,3,13,F
840,4,13,LF
841,4,14,RRF
842,4,13,LF
843,5,13,LF
844,5,14,F
845,5,15,LF
846,4,15,F
847,3,15,RRF
848,4,15,F
849,5,15,RF
850,5,14,F
851,5,13,LF
852,6,13,F
853,7,13,RF
854,7,12,RRF
855,7,13,LF
856,6,13,F
857,5,13,F
858,4,13,LF
859,4,12,RF
860,3,12,F
861,2,12,F
862,1,12,LF
863,1,11,RF
864,0,11,RF
865,0,12,RRF
866,0,11,LF
867,1,11,LF
868,1,12,RF
869,2,12,F
870,3,12,F
871,4,12,LF
872,4,13,LF
873,3,13,F
874,2,13,F
875,1,13,RF
876,1,14,LF
877,0,14,LF
878,0,13,RRF
879,0,14,F
880,0,15,F
881,0,16,F
882,0,17,RRF
883,0,16,LF
884,1,16,RRF
885,0,16,LF
886,0,15,F
887,0,14,LF
888,1,14,F
889,2,14,LF
890,2,15,LF
891,1,15,RRF
892,2,15,LF
893,2,16,RF
894,3,16,LF
895,3,17,LF
896,2,17,RRF
897,3,17,F
898,4,17,LF
899,4,18,LF
900,3,18,F
901,2,18,RF
902,2,19,LF
903,1,19,LF
904,1,18,F
905,1,17,RRF
906,1,18,F
907,1,19,LF
908,0,19,LF
909,0,18,RRF
910,0,19,F
911,0,20,F
912,0,21,RRF
913,0,20,F
914,0,19,LF
915,1,19,LF
916,1,20,F
917,1,21,F
918,1,22,LF
919,0,22,RF
920,0,23,F
921,0,24,F
922,0,25,RRF
923,0,24,LF
924,1,24,LF
925,1,25,F
926,1,26,LF
927,0,26,RRF
928,1,26,RF
929,1,25,LF
930,2,25,RRF
931,1,25,LF
932,1,24,F
933,1,23,RRF
934,1,24,LF
935,0,24,LF
936,0,23,F
937,0,22,LF
938,1,22,F
939,2,22,F
940,3,22,LF
941,3,23,LF
942,2,23,RRF
943,3,23,LF
944,3,24,LF
945,2,24,RRF
946,3,24,F
947,4,24,LF
948,4,25,LF
949,3,25,RRF
950,4,25,LF
951,4,26,LF
952,3,26,RF
953,3,27,LF
954,2,27,LF
955,2,26,RRF
956,2,27,LF
957,1,27,F
958,0,27,RF
959,0,28,RF
960,1,28,LF
961,1,29,RRF
962,1,28,LF
963,2,28,F
964,3,28,RRF
965,2,28,F
966,1,28,F
967,0,28,LF
968,0,27,LF
969,1,27,F
970,2,27,F
971,3,27,RF
972,3,26,LF
973,4,26,LF
974,4,27,RRF
975,4,26,LF
976,5,26,RRF
977,4,26,LF
978,4,25,LF
979,5,25,F
980,6,25,LF
981,6,26,RRF
982,6,25,F
983,6,24,F
984,6,23,LF
985,7,23,RRF
986,6,23,LF
987,6,22,RF
988,5,22,LF
989,5,21,LF
990,6,21,RRF
991,5,21,LF
992,5,20,LF
993,6,20,RF
994,6,19,LF
995,7,19,LF
996,7,20,RRF
997,7,19,LF
998,8,19,LF
999,8,20,F
1000,8,21,F
1001,8,22,LF
1002,7,22,LF
1003,7,21,RRF
1004,7,22,RF
1005,8,22,RF
1006,8,21,LF
1007,9,21,LF
1008,9,22,F
1009,9,23,LF
1010,8,23,RF
1011,8,24,LF
1012,7,24,RRF
1013,8,24,LF
1014,8,25,LF
1015,7,25,RF
1016,7,26,F
1017,7,27,LF
1018,6,27,RF
1019,6,28,LF
1020,5,28,LF
1021,5,27,RRF
1022,5,28,LF
1023,4,28,RF
1024,4,29,F
1025,4,30,RF
1026,5,30,LF
1027,5,31,F
1028,5,32,LF
1029,4,32,F
1030,3,32,F
1031,2,32,LF
1032,2,31,LF
1033,3,31,F
1034,4,31,RRF
1035,3,31,F
1036,2,31,LF
1037,2,30,LF
1038,3,30,RRF
1039,2,30,LF
1040,2,29,LF
1041,3,29,RRF
1042,2,29,RF
1043,2,30,F
1044,2,31,F
1045,2,32,LF
1046,1,32,LF
1047,1,31,F
1048,1,30,RF
1049,0,30,LF
1050,0,29,RRF
1051,0,30,RF
1052,1,30,LF
1053,1,31,LF
1054,0,31,RF
1055,0,32,RRF
1056,0,31,LF
1057,1,31,LF
1058,1,32,F
1059,1,33,LF
1060,0,33,RRF
1061,1,33,LF
1062,1,34,F
1063,1,35,RRF
1064,1,34,LF
1065,2,34,RRF
1066,1,34,LF
1067,1,33,F
1068,1,32,LF
1069,2,32,F
1070,3,32,LF
1071,3,33,LF
1072,2,33,RRF
1073,3,33,RF
1074,3,32,LF
1075,4,32,F
1076,5,32,LF
1077,5,33,LF
1078,4,33,RF
1079,4,34,LF
1080,3,34,RF
1081,3,35,LF
1082,2,35,RRF
1083,3,35,F
1084,4,35,LF
1085,4,36,LF
1086,3,36,F
1087,2,36,RF
1088,2,37,RRF
1089,2,36,LF
1090,3,36,LF
1091,3,37,RRF
1092,3,36,LF
1093,4,36,LF
1094,4,37,F
1095,4,38,LF
1096,3,38,F
1097,2,38,F
1098,1,38,F
1099,0,38,LF
1100,0,37,LF
1101,1,37,RF
1102,1,36,RRF
1103,1,37,LF
1104,0,37,LF
1105,0,36,F
1106,0,35,F
1107,0,34,RRF
1108,0,35,F
1109,0,36,F
1110,0,37,F
1111,0,38,F
1112,0,39,RRF
1113,0,38,LF
1114,1,38,LF
1115,1,39,F
1116,1,40,LF
1117,0,40,RRF
1118,1,40,F
1119,2,40,LF
1120,2,41,LF
1121,1,41,F
1122,0,41,RF
1123,0,42,F
1124,0,43,F
1125,0,44,F
1126,0,45,F
1127,0,46,RRF
1128,0,45,F
1129,0,44,LF
1130,1,44,LF
1131,1,45,RF
1132,2,45,F
1133,3,45,RRF
1134,2,45,LF
1135,2,44,RRF
1136,2,45,LF
1137,1,45,LF
1138,1,44,RF
1139,0,44,LF
1140,0,43,LF
1141,1,43,F
1142,2,43,F
1143,3,43,LF
1144,3,44,RRF
1145,3,43,RF
1146,2,43,F
1147,1,43,F
1148,0,43,LF
1149,0,42,F
1150,0,41,LF
1151,1,41,LF
1152,1,42,RRF
1153,1,41,LF
1154,2,41,LF
1155,2,42,RRF
1156,2,41,F
1157,2,40,LF
1158,3,40,F
1159,4,40,LF
1160,4,41,RRF
1161,4,40,RF
1162,3,40,LF
1163,3,39,RRF
1164,3,40,LF
1165,2,40,F
1166,1,40,LF
1167,1,39,F
1168,1,38,LF
1169,2,38,LF
1170,2,39,RRF
1171,2,38,LF
1172,3,38,F
1173,4,38,F
1174,5,38,LF
1175,5,39,LF
1176,4,39,RRF
1177,5,39,LF
1178,5,40,F
1179,5,41,RRF
1180,5,40,F
1181,5,39,LF
1182,6,39,LF
1183,6,40,F
1184,6,41,RRF
1185,6,40,LF
1186,7,40,RF
1187,7,39,LF
1188,8,39,LF
1189,8,40,F
1190,8,41,LF
1191,7,41,RRF
1192,8,41,RF
1193,8,40,F
1194,8,39,RF
1195,7,39,LF
1196,7,38,RRF
1197,7,39,F
1198,7,40,LF
1199,6,40,LF
1200,6,39,RF
1201,5,39,LF
1202,5,38,LF
1203,6,38,RRF
1204,5,38,F
1205,4,38,LF
1206,4,37,LF
1207,5,37,RRF
1208,4,37,LF
1209,4,36,F
1210,4,35,RF
1211,3,35,LF
1212,3,34,LF
1213,4,34,F
1214,5,34,F
1215,6,34,LF
1216,6,35,LF
1217,5,35,RF
1218,5,36,RF
1219,6,36,F
1220,7,36,RRF
1221,6,36,F
1222,5,36,LF
1223,5,35,LF
1224,6,35,RF
1225,6,34,LF
1226,7,34,LF
1227,7,35,RRF
1228,7,34,LF
1229,8,34,LF
1230,8,35,RRF
1231,8,34,LF
1232,9,34,F
1233,10,34,RF
1234,10,33,F
1235,10,32,LF
1236,11,32,LF
1237,11,33,RF
1238,12,33,LF
1239,12,34,LF
1240,11,34,RRF
1241,12,34,LF
1242,12,35,F
1243,12,36,RF
1244,13,36,LF
1245,13,37,LF
1246,12,37,F
1247,11,37,LF
1248,11,36,F
1249,11,35,RRF
1250,11,36,LF
1251,10,36,F
1252,9,36,LF
1253,9,35,LF
1254,10,35,RRF
1255,9,35,RF
1256,9,36,LF
1257,8,36,RRF
1258,9,36,F
1259,10,36,F
1260,11,36,LF
1261,11,37,LF
1262,10,37,F
1263,9,37,F
1264,8,37,F
1265,7,37,F
1266,6,37,RRF
1267,7,37,F
1268,8,37,F
1269,9,37,F
1270,10,37,F
1271,11,37,F
1272,12,37,LF
1273,12,38,LF
1274,11,38,RRF
1275,12,38,F
1276,13,38,RRF
1277,12,38,LF
1278,12,37,LF
1279,13,37,F
1280,14,37,LF
1281,14,38,F
1282,14,39,RF
1283,15,39,LF
1284,15,40,RRF
1285,15,39,RF
1286,14,39,LF
1287,14,38,F
1288,14,37,F
1289,14,36,F
1290,14,35,LF
1291,15,35,LF
1292,15,36,RF
1293,16,36,RRF
1294,15,36,LF
1295,15,35,LF
1296,16,35,RF
1297,16,34,RRF
1298,16,35,LF
1299,15,35,F
1300,14,35,LF
1301,14,34,LF
1302,15,34,RF
1303,15,33,LF
1304,16,33,F
1305,17,33,RF
1306,17,32,F
1307,17,31,LF
1308,18,31,F
1309,19,31,LF
1310,19,32,LF
1311,18,32,RF
1312,18,33,F
1313,18,34,LF
1314,17,34,RF
1315,17,35,F
1316,17,36,F
1317,17,37,LF
1318,16,37,RRF
1319,17,37,RF
1320,17,36,LF
1321,18,36,F
1322,19,36,F
1323,20,36,RRF
1324,19,36,LF
1325,19,35,RF
1326,18,35,RRF
1327,19,35,LF
1328,19,36,LF
1329,18,36,F
1330,17,36,LF
1331,17,35,F
1332,17,34,LF
1333,18,34,RF
1334,18,33,F
1335,18,32,LF
1336,19,32,RF
1337,19,31,LF
1338,20,31,LF
1339,20,32,F
1340,20,33,F
1341,20,34,LF
1342,19,34,LF
1343,19,33,RRF
1344,19,34,RF
1345,20,34,LF
1346,20,35,RRF
1347,20,34,LF
1348,21,34,LF
1349,21,35,RF
1350,22,35,F
1351,23,35,LF
1352,23,36,LF
1353,22,36,F
1354,21,36,RF
1355,21,37,LF
1356,20,37,F
1357,19,37,RRF
1358,20,37,LF
1359,20,38,F
1360,20,39,LF
1361,19,39,LF
1362,19,38,RF
1363,18,38,LF
1364,18,37,RRF
1365,18,38,LF
1366,17,38,F
1367,16,38,F
1368,15,38,LF
1369,15,37,RRF
1370,15,38,RF
1371,16,38,F
1372,17,38,F
1373,18,38,F
1374,19,38,LF
1375,19,39,LF
1376,18,39,RRF
1377,19,39,LF
1378,19,40,LF
1379,18,40,RF
1380,18,41,LF
1381,17,41,LF
1382,17,40,F
1383,17,39,RF
1384,16,39,RRF
1385,17,39,LF
1386,17,40,F
1387,17,41,F
1388,17,42,RRF
1389,17,41,LF
1390,18,41,F
1391,19,41,F
1392,20,41,LF
1393,20,42,LF
1394,19,42,F
1395,18,42,RF
1396,18,43,LF
1397,17,43,RRF
1398,18,43,LF
1399,18,44,RRF
1400,18,43,F
1401,18,42,LF
1402,19,42,F
1403,20,42,F
1404,21,42,RRF
1405,20,42,LF
1406,20,41,LF
1407,21,41,F
1408,22,41,LF
1409,22,42,F
1410,22,43,F
1411,22,44,RRF
1412,22,43,LF
1413,23,43,LF
1414,23,44,F
1415,23,45,LF
1416,22,45,F
1417,21,45,LF
1418,21,44,F
1419,21,43,RF
1420,20,43,F
1421,19,43,RF
1422,19,44,RRF
1423,19,43,LF
1424,20,43,LF
1425,20,44,RRF
1426,20,43,LF
1427,21,43,LF
1428,21,44,F
1429,21,45,RF
1430,22,45,LF
1431,22,46,RF
1432,23,46,LF
1433,23,47,LF
1434,22,47,RRF
1435,23,47,LF
1436,23,48,F
1437,23,49,LF
1438,22,49,LF
1439,22,48,RF
1440,21,48,LF
1441,21,47,RF
1442,20,47,LF
1443,20,46,LF
1444,21,46,RRF
1445,20,46,LF
1446,20,45,RRF
1447,20,46,LF
1448,19,46,RF
1449,19,47,RRF
1450,19,46,LF
1451,20,46,LF
1452,20,47,F
1453,20,48,LF
1454,19,48,RF
1455,19,49,LF
1456,18,49,LF
1457,18,48,RF
1458,17,48,RF
1459,17,49,LF
1460,16,49,F
1461,15,49,LF
1462,15,48,F
1463,15,47,LF
1464,16,47,LF
1465,16,48,RRF
1466,16,47,RF
1467,15,47,F
1468,14,47,F
1469,13,47,LF
1470,13,46,LF
1471,14,46,RRF
1472,13,46,LF
1473,13,45,F
1474,13,44,LF
1475,14,44,LF
1476,14,45,RRF
1477,14,44,LF
1478,15,44,LF
1479,15,45,RF
1480,16,45,LF
1481,16,46,LF
1482,15,46,RRF
1483,16,46,F
1484,17,46,F
1485,18,46,LF
1486,18,47,LF
1487,17,47,RRF
1488,18,47,RF
1489,18,46,F
1490,18,45,LF
1491,19,45,RRF
1492,18,45,RF
1493,18,46,LF
1494,17,46,F
1495,16,46,LF
1496,16,45,LF
1497,17,45,RRF
1498,16,45,F
1499,15,45,LF
1500,15,44,LF
1501,16,44,F
1502,17,44,RRF
1503,16,44,F
1504,15,44,LF
1505,15,43,LF
1506,16,43,RF
1507,16,42,F
1508,16,41,F
1509,16,40,RRF
1510,16,41,LF
1511,15,41,F
1512,14,41,LF
1513,14,40,RF
1514,13,40,F
1515,12,40,LF
1516,12,39,LF
1517,13,39,RRF
1518,12,39,RF
1519,12,40,LF
1520,11,40,F
1521,10,40,LF
1522,10,39,LF
1523,11,39,RRF
1524,10,39,F
1525,9,39,LF
1526,9,38,LF
1527,10,38,RRF
1528,9,38,F
1529,8,38,RRF
1530,9,38,LF
1531,9,39,F
1532,9,40,RRF
1533,9,39,LF
1534,10,39,LF
1535,10,40,RF
1536,11,40,F
1537,12,40,F
1538,13,40,LF
1539,13,41,F
1540,13,42,F
1541,13,43,LF
1542,12,43,LF
1543,12,42,RRF
1544,12,43,LF
1545,11,43,LF
1546,11,42,F
1547,11,41,LF
1548,12,41,RRF
1549,11,41,F
1550,10,41,RRF
1551,11,41,LF
1552,11,42,F
1553,11,43,LF
1554,10,43,LF
1555,10,42,RF
1556,9,42,LF
1557,9,41,RRF
1558,9,42,F
1559,9,43,LF
1560,8,43,LF
1561,8,42,RRF
1562,8,43,RF
1563,9,43,RF
1564,9,42,LF
1565,10,42,LF
1566,10,43,RF
1567,11,43,LF
1568,11,44,F
1569,11,45,LF
1570,10,45,LF
1571,10,44,RF
1572,9,44,F
1573,8,44,F
1574,7,44,LF
1575,7,43,F
1576,7,42,RRF
1577,7,43,LF
1578,6,43,LF
1579,6,42,RF
1580,5,42,F
1581,4,42,F
1582,3,42,LF
1583,3,41,RRF
1584,3,42,RF
1585,4,42,F
1586,5,42,F
1587,6,42,LF
1588,6,43,LF
1589,5,43,F
1590,4,43,RRF
1591,5,43,F
1592,6,43,LF
1593,6,44,LF
1594,5,44,F
1595,4,44,RF
1596,4,45,F
1597,4,46,LF
1598,3,46,F
1599,2,46,RRF
1600,3,46,LF
1601,3,47,LF
1602,2,47,F
1603,1,47,LF
1604,1,46,RRF
1605,1,47,F
1606,1,48,F
1607,1,49,LF
1608,0,49,LF
1609,0,48,F
1610,0,47,RRF
1611,0,48,F
1612,0,49,RF
1613,1,49,RF
1614,1,48,F
1615,1,47,LF
1616,2,47,F
1617,3,47,RF
1618,3,46,LF
1619,4,46,RF
1620,4,45,LF
1621,5,45,LF
1622,5,46,F
1623,5,47,LF
1624,4,47,RRF
1625,5,47,LF
1626,5,48,F
1627,5,49,LF
1628,4,49,LF
1629,4,48,RRF
1630,4,49,LF
1631,3,49,LF
1632,3,48,RRF
1633,3,49,LF
1634,2,49,LF
1635,2,48,RRF
1636,2,49,RF
1637,3,49,F
1638,4,49,F
1639,5,49,F
1640,6,49,F
1641,7,49,RRF
1642,6,49,F
1643,5,49,LF
1644,5,48,LF
1645,6,48,RRF
1646,5,48,LF
1647,5,47,F
1648,5,46,LF
1649,6,46,LF
1650,6,47,RRF
1651,6,46,LF
1652,7,46,RF
1653,7,45,LF
1654,8,45,RRF
1655,7,45,F
1656,6,45,RRF
1657,7,45,LF
1658,7,46,LF
1659,6,46,F
1660,5,46,LF
1661,5,45,RF
1662,4,45,LF
1663,4,44,LF
1664,5,44,F
1665,6,44,RF
1666,6,43,LF
1667,7,43,LF
1668,7,44,RF
1669,8,44,F
1670,9,44,LF
1671,9,45,RRF
1672,9,44,LF
1673,10,44,LF
1674,10,45,F
1675,10,46,LF
1676,9,46,RF
1677,9,47,LF
1678,8,47,LF
1679,8,46,RRF
1680,8,47,LF
1681,7,47,RF
1682,7,48,RRF
1683,7,47,LF
1684,8,47,LF
1685,8,48,F
1686,8,49,RF
1687,9,49,RRF
1688,8,49,LF
1689,8,48,LF
1690,9,48,RRF
1691,8,48,LF
1692,8,47,LF
1693,9,47,RF
1694,9,46,LF
1695,10,46,LF
1696,10,47,F
1697,10,48,F
1698,10,49,RRF
1699,10,48,LF
1700,11,48,LF
1701,11,49,RRF
1702,11,48,RF
1703,10,48,LF
1704,10,47,LF
1705,11,47,RF
1706,11,46,RRF
1707,11,47,LF
1708,10,47,LF
1709,10,46,F
1710,10,45,LF
1711,11,45,RF
1712,11,44,F
1713,11,43,LF
1714,12,43,F
1715,13,43,RF
1716,13,42,F
1717,13,41,F
1718,13,40,LF
1719,14,40,LF
1720,14,41,RF
1721,15,41,F
1722,16,41,LF
1723,16,42,F
1724,16,43,LF
1725,15,43,LF
1726,15,42,RRF
1727,15,43,F
1728,15,44,LF
1729,14,44,LF
1730,14,43,F
1731,14,42,RRF
1732,14,43,F
1733,14,44,LF
1734,13,44,F
1735,12,44,RRF
1736,13,44,LF
1737,13,45,LF
1738,12,45,RF
1739,12,46,RRF
1740,12,45,LF
1741,13,45,LF
1742,13,46,F
1743,13,47,LF
1744,12,47,RF
1745,12,48,F
1746,12,49,RRF
1747,12,48,F
1748,12,47,LF
1749,13,47,LF
1750,13,48,F
1751,13,49,RF
1752,14,49,RRF
1753,13,49,LF
1754,13,48,F
1755,13,47,LF
1756,14,47,LF
1757,14,48,RRF
1758,14,47,LF
1759,15,47,LF
1760,15,48,F
1761,15,49,RF
1762,16,49,F
1763,17,49,RF
1764,17,48,LF
1765,18,48,LF
1766,18,49,RF
1767,19,49,F
1768,20,49,F
1769,21,49,RRF
1770,20,49,F
1771,19,49,LF
1772,19,48,LF
1773,20,48,RF
1774,20,47,LF
1775,21,47,LF
1776,21,48,RF
1777,22,48,LF
1778,22,49,RF
1779,23,49,F
1780,24,49,F
1781,25,49,RRF
1782,24,49,F
1783,23,49,LF
1784,23,48,F
1785,23,47,LF
1786,24,47,LF
1787,24,48,RF
1788,25,48,F
1789,26,48,LF
1790,26,49,RRF
1791,26,48,LF
1792,27,48,RRF
1793,26,48,F
1794,25,48,F
1795,24,48,LF
1796,24,47,F
1797,24,46,RRF
1798,24,47,LF
1799,23,47,LF
1800,23,46,RF
1801,22,46,LF
1802,22,45,LF
1803,23,45,F
1804,24,45,RRF
1805,23,45,LF
1806,23,44,LF
1807,24,44,RF
1808,24,43,LF
1809,25,43,F
1810,26,43,LF
1811,26,44,LF
1812,25,44,RRF
1813,26,44,LF
1814,26,45,LF
1815,25,45,RF
1816,25,46,RF
1817,26,46,LF
1818,26,47,LF
1819,25,47,RRF
1820,26,47,RF
1821,26,46,RF
1822,25,46,LF
1823,25,45,LF
1824,26,45,RF
1825,26,44,F
1826,26,43,RF
1827,25,43,F
1828,24,43,RF
1829,24,44,LF
1830,23,44,LF
1831,23,43,RF
1832,22,43,LF
1833,22,42,LF
1834,23,42,F
1835,24,42,F
1836,25,42,RF
1837,25,41,RF
1838,24,41,LF
1839,24,40,LF
1840,25,40,F
1841,26,40,LF
1842,26,41,F
1843,26,42,RRF
1844,26,41,F
1845,26,40,F
1846,26,39,RRF
1847,26,40,LF
1848,25,40,F
1849,24,40,LF
1850,24,39,LF
1851,25,39,RRF
1852,24,39,RF
1853,24,40,LF
1854,23,40,F
1855,22,40,RRF
1856,23,40,F
1857,24,40,LF
1858,24,41,RF
1859,25,41,LF
1860,25,42,LF
1861,24,42,F
1862,23,42,F
1863,22,42,LF
1864,22,41,LF
1865,23,41,RRF
1866,22,41,F
1867,21,41,F
1868,20,41,F
1869,19,41,F
1870,18,41,LF
1871,18,40,LF
1872,19,40,RF
1873,19,39,LF
1874,20,39,LF
1875,20,40,RF
1876,21,40,RRF
1877,20,40,LF
1878,20,39,F
1879,20,38,F
1880,20,37,LF
1881,21,37,F
1882,22,37,LF
1883,22,38,LF
1884,21,38,RF
1885,21,39,RRF
1886,21,38,LF
1887,22,38,LF
1888,22,39,RRF
1889,22,38,LF
1890,23,38,LF
1891,23,39,RRF
1892,23,38,LF
1893,24,38,F
1894,25,38,F
1895,26,38,F
1896,27,38,LF
1897,27,39,F
1898,27,40,RRF
1899,27,39,LF
1900,28,39,LF
1901,28,40,F
1902,28,41,LF
1903,27,41,RF
1904,27,42,F
1905,27,43,F
1906,27,44,F
1907,27,45,F
1908,27,46,F
1909,27,47,RRF
1910,27,46,LF
1911,28,46,LF
1912,28,47,RRF
1913,28,46,LF
1914,29,46,F
1915,30,46,LF
1916,30,47,LF
1917,29,47,RF
1918,29,48,LF
1919,28,48,RF
1920,28,49,LF
1921,27,49,RRF
1922,28,49,RF
1923,28,48,LF
1924,29,48,LF
1925,29,49,RRF
1926,29,48,F
1927,29,47,LF
1928,30,47,RF
1929,30,46,F
1930,30,45,RRF
1931,30,46,LF
1932,29,46,F
1933,28,46,F
1934,27,46,LF
1935,27,45,LF
1936,28,45,F
1937,29,45,RF
1938,29,44,F
1939,29,43,LF
1940,30,43,LF
1941,30,44,RRF
1942,30,43,RF
1943,29,43,RF
1944,29,44,LF
1945,28,44,RRF
1946,29,44,LF
1947,29,45,LF
1948,28,45,F
1949,27,45,LF
1950,27,44,F
1951,27,43,F
1952,27,42,F
1953,27,41,LF
1954,28,41,LF
1955,28,42,F
1956,28,43,RRF
1957,28,42,LF
1958,29,42,RF
1959,29,41,LF
1960,30,41,LF
1961,30,42,RF
1962,31,42,LF
1963,31,43,RRF
1964,31,42,RF
1965,30,42,LF
1966,30,41,LF
1967,31,41,RRF
1968,30,41,F
1969,29,41,RF
1970,29,42,LF
1971,28,42,LF
1972,28,41,F
1973,28,40,F
1974,28,39,LF
1975,29,39,LF
1976,29,40,RF
1977,30,40,RRF
1978,29,40,LF
1979,29,39,RF
1980,28,39,F
1981,27,39,LF
1982,27,38,LF
1983,28,38,F
1984,29,38,RF
1985,29,37,RRF
1986,29,38,LF
1987,28,38,F
1988,27,38,LF
1989,27,37,LF
1990,28,37,RRF
1991,27,37,F
1992,26,37,LF
1993,26,36,RRF
1994,26,37,RF
1995,27,37,LF
1996,27,38,LF
1997,26,38,F
1998,25,38,LF
1999,25,37,F
2000,25,36,RF
2001,24,36,RRF
2002,25,36,LF
2003,25,37,F
2004,25,38,LF
2005,24,38,LF
2006,24,37,RRF
2007,24,38,LF
2008,23,38,F
2009,22,38,LF
2010,22,37,RF
2011,21,37,LF
2012,21,36,LF
2013,22,36,F
2014,23,36,LF
2015,23,37,RRF
2016,23,36,F
2017,23,35,LF
2018,24,35,F
2019,25,35,F
2020,26,35,F
2021,27,35,LF
2022,27,36,RRF
2023,27,35,RF
2024,26,35,LF
2025,26,34,LF
2026,27,34,RRF
2027,26,34,RF
2028,26,35,LF
2029,25,35,F
2030,24,35,LF
2031,24,34,LF
2032,25,34,RRF
2033,24,34,RF
2034,24,35,LF
2035,23,35,F
2036,22,35,LF
2037,22,34,RRF
2038,22,35,LF
2039,21,35,LF
2040,21,34,RF
2041,20,34,LF
2042,20,33,F
2043,20,32,LF
2044,21,32,LF
2045,21,33,RF
2046,22,33,F
2047,23,33,LF
2048,23,34,RRF
2049,23,33,LF
2050,24,33,F
2051,25,33,RRF
2052,24,33,F
2053,23,33,LF
2054,23,32,LF
2055,24,32,F
2056,25,32,RF
2057,25,31,F
2058,25,30,LF
2059,26,30,LF
2060,26,31,F
2061,26,32,F
2062,26,33,RRF
2063,26,32,F
2064,26,31,F
2065,26,30,LF
2066,27,30,F
2067,28,30,F
2068,29,30,F
2069,30,30,LF
2070,30,31,LF
2071,29,31,F
2072,28,31,RRF
2073,29,31,LF
2074,29,32,F
2075,29,33,LF
2076,28,33,LF
2077,28,32,RF
2078,27,32,LF
2079,27,31,RRF
2080,27,32,RF
2081,28,32,LF
2082,28,33,LF
2083,27,33,RRF
2084,28,33,LF
2085,28,34,F
2086,28,35,RRF
2087,28,34,F
2088,28,33,LF
2089,29,33,LF
2090,29,34,F
2091,29,35,F
2092,29,36,LF
2093,28,36,RRF
2094,29,36,RF
2095,29,35,LF
2096,30,35,LF
2097,30,36,RF
2098,31,36,LF
2099,31,37,LF
2100,30,37,RF
2101,30,38,RRF
2102,30,37,LF
2103,31,37,LF
2104,31,38,RF
2105,32,38,F
2106,33,38,LF
2107,33,39,LF
2108,32,39,F
2109,31,39,F
2110,30,39,RRF
2111,31,39,F
2112,32,39,LF
2113,32,40,LF
2114,31,40,RRF
2115,32,40,LF
2116,32,41,RRF
2117,32,40,F
2118,32,39,LF
2119,33,39,RF
2120,33,38,RF
2121,32,38,F
2122,31,38,LF
2123,31,37,F
2124,31,36,F
2125,31,35,LF
2126,32,35,LF
2127,32,36,F
2128,32,37,RRF
2129,32,36,F
2130,32,35,F
2131,32,34,RRF
2132,32,35,LF
2133,31,35,LF
2134,31,34,RRF
2135,31,35,F
2136,31,36,LF
2137,30,36,LF
2138,30,35,RF
2139,29,35,LF
2140,29,34,F
2141,29,33,LF
2142,30,33,LF
2143,30,34,RRF
2144,30,33,LF
2145,31,33,RF
2146,31,32,RRF
2147,31,33,LF
2148,30,33,F
2149,29,33,LF
2150,29,32,LF
2151,30,32,RRF
2152,29,32,LF
2153,29,31,LF
2154,30,31,RF
2155,30,30,F
2156,30,29,LF
2157,31,29,F
2158,32,29,LF
2159,32,30,LF
2160,31,30,RF
2161,31,31,RF
2162,32,31,LF
2163,32,32,RF
2164,33,32,F
2165,34,32,F
2166,35,32,LF
2167,35,33,F
2168,35,34,LF
2169,34,34,LF
2170,34,33,RRF
2171,34,34,LF
2172,33,34,LF
2173,33,33,RF
2174,32,33,RRF
2175,33,33,LF
2176,33,34,F
2177,33,35,F
2178,33,36,F
2179,33,37,RRF
2180,33,36,F
2181,33,35,F
2182,33,34,LF
2183,34,34,F
2184,35,34,LF
2185,35,35,LF
2186,34,35,RF
2187,34,36,RRF
2188,34,35,LF
2189,35,35,RF
2190,35,34,LF
2191,36,34,LF
2192,36,35,F
2193,36,36,F
2194,36,37,LF
2195,35,37,LF
2196,35,36,RRF
2197,35,37,LF
2198,34,37,RRF
2199,35,37,LF
2200,35,38,LF
2201,34,38,RF
2202,34,39,RRF
2203,34,38,LF
2204,35,38,RF
2205,35,37,LF
2206,36,37,LF
2207,36,38,F
2208,36,39,RF
2209,37,39,LF
2210,37,40,F
2211,37,41,LF
2212,36,41,LF
2213,36,40,RF
2214,35,40,LF
2215,35,39,RRF
2216,35,40,LF
2217,34,40,F
2218,33,40,RRF
2219,34,40,F
2220,35,40,F
2221,36,40,LF
2222,36,41,LF
2223,35,41,F
2224,34,41,F
2225,33,41,RRF
2226,34,41,LF
2227,34,42,F
2228,34,43,LF
2229,33,43,LF
2230,33,42,RF
2231,32,42,RRF
2232,33,42,LF
2233,33,43,LF
2234,32,43,RF
2235,32,44,RF
2236,33,44,RRF
2237,32,44,LF
2238,32,43,LF
2239,33,43,F
2240,34,43,LF
2241,34,44,F
2242,34,45,F
2243,34,46,RF
2244,35,46,F
2245,36,46,LF
2246,36,47,LF
2247,35,47,F
2248,34,47,F
2249,33,47,RF
2250,33,48,LF
2251,32,48,LF
2252,32,47,RRF
2253,32,48,LF
2254,31,48,LF
2255,31,47,F
2256,31,46,F
2257,31,45,LF
2258,32,45,LF
2259,32,46,RF
2260,33,46,RF
2261,33,45,RRF
2262,33,46,LF
2263,32,46,LF
2264,32,45,RF
2265,31,45,LF
2266,31,44,RRF
2267,31,45,F
2268,31,46,F
2269,31,47,F
2270,31,48,LF
2271,30,48,RF
2272,30,49,RRF
2273,30,48,LF
2274,31,48,LF
2275,31,49,RF
2276,32,49,RRF
2277,31,49,LF
2278,31,48,LF
2279,32,48,F
2280,33,48,LF
2281,33,49,RRF
2282,33,48,LF
2283,34,48,LF
2284,34,49,RRF
2285,34,48,RF
2286,33,48,LF
2287,33,47,LF
2288,34,47,F
2289,35,47,LF
2290,35,48,F
2291,35,49,RF
2292,36,49,F
2293,37,49,RF
2294,37,48,F
2295,37,47,RRF
2296,37,48,F
2297,37,49,LF
2298,36,49,LF
2299,36,48,RRF
2300,36,49,LF
2301,35,49,LF
2302,35,48,F
2303,35,47,LF
2304,36,47,RF
2305,36,46,LF
2306,37,46,RF
2307,37,45,F
2308,37,44,LF
2309,38,44,RRF
2310,37,44,RF
2311,37,45,F
2312,37,46,LF
2313,36,46,F
2314,35,46,F
2315,34,46,LF
2316,34,45,LF
2317,35,45,F
2318,36,45,RRF
2319,35,45,F
2320,34,45,LF
2321,34,44,F
2322,34,43,F
2323,34,42,F
2324,34,41,LF
2325,35,41,LF
2326,35,42,F
2327,35,43,F
2328,35,44,RRF
2329,35,43,LF
2330,36,43,LF
2331,36,44,RRF
2332,36,43,RF
2333,35,43,LF
2334,35,42,LF
2335,36,42,F
2336,37,42,F
2337,38,42,LF
2338,38,43,LF
2339,37,43,RRF
2340,38,43,F
2341,39,43,F
2342,40,43,RRF
2343,39,43,F
2344,38,43,LF
2345,38,42,RF
2346,37,42,F
2347,36,42,F
2348,35,42,LF
2349,35,41,LF
2350,36,41,F
2351,37,41,RF
2352,37,40,F
2353,37,39,LF
2354,38,39,F
2355,39,39,LF
2356,39,40,LF
2357,38,40,RRF
2358,39,40,LF
2359,39,41,LF
2360,38,41,RRF
2361,39,41,LF
2362,39,42,RRF
2363,39,41,F
2364,39,40,F
2365,39,39,F
2366,39,38,LF
2367,40,38,LF
2368,40,39,F
2369,40,40,F
2370,40,41,F
2371,40,42,RRF
2372,40,41,LF
2373,41,41,LF
2374,41,42,RRF
2375,41,41,F
2376,41,40,LF
2377,42,40,LF
2378,42,41,F
2379,42,42,F
2380,42,43,LF
2381,41,43,RRF
2382,42,43,F
2383,43,43,LF
2384,43,44,RRF
2385,43,43,LF
2386,44,43,LF
2387,44,44,F
2388,44,45,F
2389,44,46,LF
2390,43,46,RRF
2391,44,46,LF
2392,44,47,LF
2393,43,47,F
2394,42,47,LF
2395,42,46,F
2396,42,45,LF
2397,43,45,RRF
2398,42,45,LF
2399,42,44,RF
2400,41,44,RRF
2401,42,44,LF
2402,42,45,F
2403,42,46,F
2404,42,47,LF
2405,41,47,LF
2406,41,46,F
2407,41,45,RF
2408,40,45,LF
2409,40,44,RRF
2410,40,45,RF
2411,41,45,LF
2412,41,46,F
2413,41,47,LF
2414,40,47,LF
2415,40,46,RRF
2416,40,47,LF
2417,39,47,LF
2418,39,46,F
2419,39,45,F
2420,39,44,RRF
2421,39,45,LF
2422,38,45,RF
2423,38,46,RRF
2424,38,45,LF
2425,39,45,LF
2426,39,46,F
2427,39,47,LF
2428,38,47,RRF
2429,39,47,LF
2430,39,48,LF
2431,38,48,RRF
2432,39,48,LF
2433,39,49,LF
2434,38,49,RRF
2435,39,49,F
2436,40,49,RRF
2437,39,49,LF
2438,39,48,F
2439,39,47,LF
2440,40,47,LF
2441,40,48,RRF
2442,40,47,LF
2443,41,47,LF
2444,41,48,F
2445,41,49,RF
2446,42,49,RRF
2447,41,49,LF
2448,41,48,F
2449,41,47,LF
2450,42,47,LF
2451,42,48,RRF
2452,42,47,LF
2453,43,47,F
2454,44,47,LF
2455,44,48,LF
2456,43,48,RF
2457,43,49,RRF
2458,43,48,LF
2459,44,48,LF
2460,44,49,RRF
2461,44,48,F
2462,44,47,F
2463,44,46,F
2464,44,45,F
2465,44,44,LF
2466,45,44,F
2467,46,44,LF
2468,46,45,F
2469,46,46,LF
2470,45,46,LF
2471,45,45,RRF
2472,45,46,RF
2473,46,46,F
2474,47,46,LF
2475,47,47,F
2476,47,48,LF
2477,46,48,RRF
2478,47,48,LF
2479,47,49,LF
2480,46,49,F
2481,45,49,LF
2482,45,48,F
2483,45,47,LF
2484,46,47,RRF
2485,45,47,RF
2486,45,48,F
2487,45,49,RF
2488,46,49,F
2489,47,49,RF
2490,47,48,LF
2491,48,48,LF
2492,48,49,RF
2493,49,49,F
2494,50,49,RRF
2495,49,49,F
2496,48,49,LF
2497,48,48,F
2498,48,47,LF
2499,49,47,LF
2500,49,48,RRF
2501,49,47,LF
2502,50,47,F
2503,51,47,LF
2504,51,48,LF
2505,50,48,RRF
2506,51,48,LF
2507,51,49,RRF
2508,51,48,LF
2509,52,48,LF
2510,52,49,RF
2511,53,49,RF
2512,53,48,LF
2513,54,48,LF
2514,54,49,RF
2515,55,49,F
2516,56,49,F
2517,57,49,RF
2518,57,48,F
2519,57,47,RF
2520,56,47,RRF
2521,57,47,LF
2522,57,48,F
2523,57,49,LF
2524,56,49,LF
2525,56,48,RRF
2526,56,49,LF
2527,55,49,LF
2528,55,48,F
2529,55,47,F
2530,55,46,RRF
2531,55,47,F
2532,55,48,F
2533,55,49,LF
2534,54,49,LF
2535,54,48,F
2536,54,47,F
2537,54,46,F
2538,54,45,LF
2539,55,45,RF
2540,55,44,RRF
2541,55,45,LF
2542,54,45,LF
2543,54,44,RF
2544,53,44,LF
2545,53,43,F
2546,53,42,RRF
2547,53,43,LF
2548,52,43,F
2549,51,43,LF
2550,51,42,LF
2551,52,42,RF
2552,52,41,F
2553,52,40,LF
2554,53,40,RRF
2555,52,40,LF
2556,52,39,LF
2557,53,39,RRF
2558,52,39,F
2559,51,39,F
2560,50,39,RRF
2561,51,39,F
2562,52,39,LF
2563,52,40,F
2564,52,41,LF
2565,51,41,LF
2566,51,40,RRF
2567,51,41,RF
2568,52,41,LF
2569,52,42,LF
2570,51,42,F
2571,50,42,LF
2572,50,41,RRF
2573,50,42,RF
2574,51,42,LF
2575,51,43,LF
2576,50,43,RF
2577,50,44,F
2578,50,45,RF
2579,51,45,F
2580,52,45,F
2581,53,45,RRF
2582,52,45,F
2583,51,45,F
2584,50,45,LF
2585,50,44,LF
2586,51,44,F
2587,52,44,RRF
2588,51,44,F
2589,50,44,LF
2590,50,43,LF
2591,51,43,F
2592,52,43,F
2593,53,43,LF
2594,53,44,RF
2595,54,44,LF
2596,54,45,F
2597,54,46,LF
2598,53,46,F
2599,52,46,F
2600,51,46,RRF
2601,52,46,LF
2602,52,47,RRF
2603,52,46,LF
2604,53,46,F
2605,54,46,LF
2606,54,47,F
2607,54,48,LF
2608,53,48,LF
2609,53,47,RRF
2610,53,48,F
2611,53,49,LF
2612,52,49,LF
2613,52,48,RF
2614,51,48,LF
2615,51,47,RF
2616,50,47,LF
2617,50,46,RRF
2618,50,47,LF
2619,49,47,F
2620,48,47,LF
2621,48,46,LF
2622,49,46,RF
2623,49,45,F
2624,49,44,F
2625,49,43,F
2626,49,42,F
2627,49,41,F
2628,49,40,LF
2629,50,40,RRF
2630,49,40,LF
2631,49,39,RRF
2632,49,40,F
2633,49,41,LF
2634,48,41,RRF
2635,49,41,LF
2636,49,42,LF
2637,48,42,RRF
2638,49,42,LF
2639,49,43,F
2640,49,44,F
2641,49,45,F
2642,49,46,LF
2643,48,46,LF
2644,48,45,RRF
2645,48,46,F
2646,48,47,F
2647,48,48,LF
2648,47,48,LF
2649,47,47,F
2650,47,46,RF
2651,46,46,LF
2652,46,45,LF
2653,47,45,RRF
2654,46,45,LF
2655,46,44,F
2656,46,43,LF
2657,47,43,LF
2658,47,44,RF
2659,48,44,RF
2660,48,43,RRF
2661,48,44,LF
2662,47,44,LF
2663,47,43,F
2664,47,42,RRF
2665,47,43,LF
2666,46,43,LF
2667,46,42,F
2668,46,41,F
2669,46,40,LF
2670,47,40,LF
2671,47,41,RRF
2672,47,40,LF
2673,48,40,RF
2674,48,39,RRF
2675,48,40,LF
2676,47,40,F
2677,46,40,LF
2678,46,39,LF
2679,47,39,RRF
2680,46,39,F
2681,45,39,RRF
2682,46,39,LF
2683,46,40,LF
2684,45,40,F
2685,44,40,LF
2686,44,39,RRF
2687,44,40,LF
2688,43,40,RRF
2689,44,40,LF
2690,44,41,RRF
2691,44,40,LF
2692,45,40,F
2693,46,40,LF
2694,46,41,LF
2695,45,41,RRF
2696,46,41,LF
2697,46,42,LF
2698,45,42,RRF
2699,46,42,LF
2700,46,43,F
2701,46,44,LF
2702,45,44,F
2703,44,44,LF
2704,44,43,LF
2705,45,43,RRF
2706,44,43,LF
2707,44,42,RF
2708,43,42,RRF
2709,44,42,LF
2710,44,43,LF
2711,43,43,F
2712,42,43,LF
2713,42,42,F
2714,42,41,LF
2715,43,41,RRF
2716,42,41,LF
2717,42,40,RF
2718,41,40,RF
2719,41,41,LF
2720,40,41,LF
2721,40,40,F
2722,40,39,F
2723,40,38,F
2724,40,37,F
2725,40,36,RF
2726,39,36,LF
2727,39,35,RRF
2728,39,36,F
2729,39,37,RRF
2730,39,36,LF
2731,40,36,LF
2732,40,37,F
2733,40,38,LF
2734,39,38,F
2735,38,38,LF
2736,38,37,RRF
2737,38,38,RF
2738,39,38,LF
2739,39,39,LF
2740,38,39,F
2741,37,39,LF
2742,37,38,RRF
2743,37,39,LF
2744,36,39,LF
2745,36,38,F
2746,36,37,LF
2747,37,37,RRF
2748,36,37,LF
2749,36,36,F
2750,36,35,LF
2751,37,35,LF
2752,37,36,RF
2753,38,36,RF
2754,38,35,F
2755,38,34,LF
2756,39,34,F
2757,40,34,RF
2758,40,33,LF
2759,41,33,LF
2760,41,34,RRF
2761,41,33,LF
2762,42,33,LF
2763,42,34,F
2764,42,35,LF
2765,41,35,F
2766,40,35,RRF
2767,41,35,F
2768,42,35,RF
2769,42,34,F
2770,42,33,LF
2771,43,33,LF
2772,43,34,F
2773,43,35,RF
2774,44,35,LF
2775,44,36,LF
2776,43,36,F
2777,42,36,F
2778,41,36,RRF
2779,42,36,F
2780,43,36,LF
2781,43,37,LF
2782,42,37,F
2783,41,37,RF
2784,41,38,F
2785,41,39,RRF
2786,41,38,LF
2787,42,38,F
2788,43,38,LF
2789,43,39,LF
2790,42,39,RRF
2791,43,39,RF
2792,43,38,LF
2793,44,38,RF
2794,44,37,RRF
2795,44,38,LF
2796,43,38,F
2797,42,38,F
2798,41,38,LF
2799,41,37,LF
2800,42,37,F
2801,43,37,RF
2802,43,36,LF
2803,44,36,RF
2804,44,35,RF
2805,43,35,LF
2806,43,34,F
2807,43,33,F
2808,43,32,LF
2809,44,32,LF
2810,44,33,RF
2811,45,33,F
2812,46,33,RRF
2813,45,33,F
2814,44,33,LF
2815,44,32,RF
2816,43,32,F
2817,42,32,F
2818,41,32,LF
2819,41,31,F
2820,41,30,LF
2821,42,30,LF
2822,42,31,RF
2823,43,31,RF
2824,43,30,LF
2825,44,30,LF
2826,44,31,RF
2827,45,31,LF
2828,45,32,RRF
2829,45,31,LF
2830,46,31,LF
2831,46,32,RRF
2832,46,31,LF
2833,47,31,LF
2834,47,32,RRF
2835,47,31,F
2836,47,30,F
2837,47,29,LF
2838,48,29,LF
2839,48,30,F
2840,48,31,RF
2841,49,31,LF
2842,49,32,LF
2843,48,32,RF
2844,48,33,LF
2845,47,33,RRF
2846,48,33,LF
2847,48,34,LF
2848,47,34,F
2849,46,34,RF
2850,46,35,LF
2851,45,35,LF
2852,45,34,RF
2853,44,34,RRF
2854,45,34,LF
2855,45,35,RF
2856,46,35,F
2857,47,35,RRF
2858,46,35,LF
2859,46,34,LF
2860,47,34,F
2861,48,34,LF
2862,48,35,F
2863,48,36,LF
2864,47,36,F
2865,46,36,F
2866,45,36,RF
2867,45,37,F
2868,45,38,RF
2869,46,38,F
2870,47,38,F
2871,48,38,F
2872,49,38,F
2873,50,38,RF
2874,50,37,LF
2875,51,37,LF
2876,51,38,RF
2877,52,38,F
2878,53,38,RF
2879,53,37,LF
2880,54,37,LF
2881,54,38,F
2882,54,39,RF
2883,55,39,F
2884,56,39,LF
2885,56,40,LF
2886,55,40,F
2887,54,40,RF
2888,54,41,LF
2889,53,41,RRF
2890,54,41,LF
2891,54,42,F
2892,54,43,RRF
2893,54,42,F
2894,54,41,LF
2895,55,41,LF
2896,55,42,F
2897,55,43,RF
2898,56,43,LF
2899,56,44,F
2900,56,45,F
2901,56,46,RRF
2902,56,45,F
2903,56,44,LF
2904,57,44,LF
2905,57,45,RRF
2906,57,44,RF
2907,56,44,LF
2908,56,43,LF
2909,57,43,F
2910,58,43,RRF
2911,57,43,F
2912,56,43,F
2913,55,43,LF
2914,55,42,LF
2915,56,42,RRF
2916,55,42,LF
2917,55,41,LF
2918,56,41,F
2919,57,41,F
2920,58,41,RF
2921,58,40,RF
2922,57,40,RRF
2923,58,40,LF
2924,58,41,LF
2925,57,41,F
2926,56,41,F
2927,55,41,F
2928,54,41,LF
2929,54,40,LF
2930,55,40,F
2931,56,40,RF
2932,56,39,LF
2933,57,39,F
2934,58,39,F
2935,59,39,LF
2936,59,40,F
2937,59,41,F
2938,59,42,LF
2939,58,42,F
2940,57,42,RRF
2941,58,42,F
2942,59,42,RF
2943,59,41,LF
2944,60,41,LF
2945,60,42,F
2946,60,43,LF
2947,59,43,RRF
2948,60,43,RF
2949,60,42,F
2950,60,41,RF
2951,59,41,LF
2952,59,40,F
2953,59,39,F
2954,59,38,RF
2955,58,38,RRF
2956,59,38,LF
2957,59,39,LF
2958,58,39,F
2959,57,39,LF
2960,57,38,F
2961,57,37,LF
2962,58,37,F
2963,59,37,F
2964,60,37,LF
2965,60,38,F
2966,60,39,RRF
2967,60,38,LF
2968,61,38,F
2969,62,38,RRF
2970,61,38,F
2971,60,38,LF
2972,60,37,RF
2973,59,37,LF
2974,59,36,LF
2975,60,36,RF
2976,60,35,F
2977,60,34,LF
2978,61,34,LF
2979,61,35,F
2980,61,36,F
2981,61,37,RRF
2982,61,36,LF
2983,62,36,RRF
2984,61,36,LF
2985,61,35,F
2986,61,34,LF
2987,62,34,LF
2988,62,35,RRF
2989,62,34,RF
2990,61,34,F
2991,60,34,LF
2992,60,33,LF
2993,61,33,F
2994,62,33,RRF
2995,61,33,LF
2996,61,32,RRF
2997,61,33,LF
2998,60,33,F
2999,59,33,RRF
3000,60,33,LF
3001,60,34,LF
3002,59,34,RF
3003,59,35,RRF
3004,59,34,LF
3005,60,34,LF
3006,60,35,F
3007,60,36,LF
3008,59,36,RF
3009,59,37,LF
3010,58,37,F
3011,57,37,RF
3012,57,38,F
3013,57,39,LF
3014,56,39,LF
3015,56,38,RRF
3016,56,39,LF
3017,55,39,LF
3018,55,38,RRF
3019,55,39,LF
3020,54,39,LF
3021,54,38,F
3022,54,37,LF
3023,55,37,F
3024,56,37,RRF
3025,55,37,LF
3026,55,36,RRF
3027,55,37,LF
3028,54,37,LF
3029,54,36,RF
3030,53,36,RRF
3031,54,36,LF
3032,54,37,LF
3033,53,37,RF
3034,53,38,LF
3035,52,38,F
3036,51,38,LF
3037,51,37,LF
3038,52,37,RF
3039,52,36,RRF
3040,52,37,LF
3041,51,37,F
3042,50,37,LF
3043,50,36,F
3044,50,35,LF
3045,51,35,LF
3046,51,36,RRF
3047,51,35,RF
3048,50,35,RF
3049,50,36,LF
3050,49,36,LF
3051,49,35,F
3052,49,34,RRF
3053,49,35,F
3054,49,36,RF
3055,50,36,LF
3056,50,37,LF
3057,49,37,F
3058,48,37,RRF
3059,49,37,F
3060,50,37,LF
3061,50,38,LF
3062,49,38,F
3063,48,38,F
3064,47,38,F
3065,46,38,F
3066,45,38,LF
3067,45,37,F
3068,45,36,LF
3069,46,36,LF
3070,46,37,RRF
3071,46,36,LF
3072,47,36,LF
3073,47,37,RRF
3074,47,36,LF
3075,48,36,RF
3076,48,35,F
3077,48,34,F
3078,48,33,LF
3079,49,33,RRF
3080,48,33,LF
3081,48,32,LF
3082,49,32,F
3083,50,32,LF
3084,50,33,F
3085,50,34,RRF
3086,50,33,F
3087,50,32,RF
3088,49,32,LF
3089,49,31,RF
3090,48,31,LF
3091,48,30,F
3092,48,29,F
3093,48,28,LF
3094,49,28,RF
3095,49,27,LF
3096,50,27,LF
3097,50,28,F
3098,50,29,F
3099,50,30,LF
3100,49,30,LF
3101,49,29,RRF
3102,49,30,RF
3103,50,30,RF
3104,50,29,F
3105,50,28,F
3106,50,27,LF
3107,51,27,LF
3108,51,28,F
3109,51,29,RRF
3110,51,28,LF
3111,52,28,RF
3112,52,27,LF
3113,53,27,LF
3114,53,28,F
3115,53,29,LF
3116,52,29,RRF
3117,53,29,LF
3118,53,30,RF
3119,54,30,RRF
3120,53,30,LF
3121,53,29,LF
3122,54,29,F
3123,55,29,LF
3124,55,30,RRF
3125,55,29,LF
3126,56,29,F
3127,57,29,LF
3128,57,30,F
3129,57,31,LF
3130,56,31,LF
3131,56,30,RRF
3132,56,31,LF
3133,55,31,RRF
3134,56,31,F
3135,57,31,F
3136,58,31,LF
3137,58,32,LF
3138,57,32,RF
3139,57,33,LF
3140,56,33,LF
3141,56,32,RF
3142,55,32,RRF
3143,56,32,LF
3144,56,33,LF
3145,55,33,RF
3146,55,34,LF
3147,54,34,F
3148,53,34,LF
3149,53,33,LF
3150,54,33,RRF
3151,53,33,LF
3152,53,32,LF
3153,54,32,RRF
3154,53,32,LF
3155,53,31,LF
3156,54,31,RRF
3157,53,31,RF
3158,53,32,LF
3159,52,32,RRF
3160,53,32,LF
3161,53,33,LF
3162,52,33,F
3163,51,33,LF
3164,51,32,F
3165,51,31,LF
3166,52,31,RRF
3167,51,31,LF
3168,51,30,LF
3169,52,30,RRF
3170,51,30,RF
3171,51,31,LF
3172,50,31,RRF
3173,51,31,LF
3174,51,32,F
3175,51,33,F
3176,51,34,RRF
3177,51,33,LF
3178,52,33,F
3179,53,33,LF
3180,53,34,RF
3181,54,34,F
3182,55,34,LF
3183,55,35,LF
3184,54,35,F
3185,53,35,F
3186,52,35,LF
3187,52,34,RRF
3188,52,35,RF
3189,53,35,F
3190,54,35,F
3191,55,35,RF
3192,55,34,F
3193,55,33,LF
3194,56,33,F
3195,57,33,F
3196,58,33,LF
3197,58,34,LF
3198,57,34,RRF
3199,58,34,LF
3200,58,35,LF
3201,57,35,F
3202,56,35,LF
3203,56,34,RRF
3204,56,35,F
3205,56,36,RF
3206,57,36,RRF
3207,56,36,LF
3208,56,35,LF
3209,57,35,F
3210,58,35,LF
3211,58,36,RRF
3212,58,35,F
3213,58,34,F
3214,58,33,RF
3215,57,33,LF
3216,57,32,LF
3217,58,32,RF
3218,58,31,LF
3219,59,31,LF
3220,59,32,RF
3221,60,32,RRF
3222,59,32,LF
3223,59,31,LF
3224,60,31,RF
3225,60,30,RF
3226,59,30,F
3227,58,30,RRF
3228,59,30,F
3229,60,30,LF
3230,60,31,LF
3231,59,31,F
3232,58,31,F
3233,57,31,LF
3234,57,30,F
3235,57,29,F
3236,57,28,LF
3237,58,28,LF
3238,58,29,RRF
3239,58,28,RF
3240,57,28,LF
3241,57,27,LF
3242,58,27,RF
3243,58,26,LF
3244,59,26,LF
3245,59,27,F
3246,59,28,F
3247,59,29,RRF
3248,59,28,F
3249,59,27,F
3250,59,26,LF
3251,60,26,RF
3252,60,25,LF
3253,61,25,LF
3254,61,26,F
3255,61,27,LF
3256,60,27,RRF
3257,61,27,LF
3258,61,28,F
3259,61,29,LF
3260,60,29,LF
3261,60,28,RRF
3262,60,29,RF
3263,61,29,F
3264,62,29,LF
3265,62,30,LF
3266,61,30,RF
3267,61,31,RF
3268,62,31,RRF
3269,61,31,LF
3270,61,30,LF
3271,62,30,F
3272,63,30,F
3273,64,30,LF
3274,64,31,LF
3275,63,31,RRF
3276,64,31,LF
3277,64,32,F
3278,64,33,LF
3279,63,33,LF
3280,63,32,RF
3281,62,32,RRF
3282,63,32,LF
3283,63,33,RF
3284,64,33,LF
3285,64,34,LF
3286,63,34,RRF
3287,64,34,LF
3288,64,35,LF
3289,63,35,RF
3290,63,36,RRF
3291,63,35,LF
3292,64,35,LF
3293,64,36,RRF
3294,64,35,F
3295,64,34,F
3296,64,33,LF
3297,65,33,RRF
3298,64,33,LF
3299,64,32,LF
3300,65,32,RRF
3301,64,32,LF
3302,64,31,F
3303,64,30,LF
3304,65,30,LF
3305,65,31,RRF
3306,65,30,LF
3307,66,30,LF
3308,66,31,RRF
3309,66,30,RF
3310,65,30,F
3311,64,30,F
3312,63,30,F
3313,62,30,LF
3314,62,29,LF
3315,63,29,RF
3316,63,28,RRF
3317,63,29,LF
3318,62,29,F
3319,61,29,LF
3320,61,28,LF
3321,62,28,RRF
3322,61,28,LF
3323,61,27,F
3324,61,26,LF
3325,62,26,F
3326,63,26,LF
3327,63,27,LF
3328,62,27,RRF
3329,63,27,RF
3330,63,26,LF
3331,64,26,LF
3332,64,27,RF
3333,65,27,LF
3334,65,28,F
3335,65,29,LF
3336,64,29,LF
3337,64,28,RRF
3338,64,29,RF
3339,65,29,F
3340,66,29,RRF
3341,65,29,LF
3342,65,28,LF
3343,66,28,RRF
3344,65,28,LF
3345,65,27,LF
3346,66,27,F
3347,67,27,F
3348,68,27,LF
3349,68,28,LF
3350,67,28,RRF
3351,68,28,RF
3352,68,27,LF
3353,69,27,RF
3354,69,26,LF
3355,70,26,F
3356,71,26,RRF
3357,70,26,F
3358,69,26,F
3359,68,26,RRF
3360,69,26,LF
3361,69,27,LF
3362,68,27,F
3363,67,27,F
3364,66,27,LF
3365,66,26,LF
3366,67,26,RF
3367,67,25,LF
3368,68,25,RRF
3369,67,25,LF
3370,67,24,LF
3371,68,24,RRF
3372,67,24,RF
3373,67,25,LF
3374,66,25,LF
3375,66,24,RF
3376,65,24,LF
3377,65,23,LF
3378,66,23,RF
3379,66,22,LF
3380,67,22,LF
3381,67,23,RRF
3382,67,22,LF
3383,68,22,F
3384,69,22,LF
3385,69,23,LF
3386,68,23,RRF
3387,69,23,LF
3388,69,24,F
3389,69,25,RF
3390,70,25,RRF
3391,69,25,LF
3392,69,24,F
3393,69,23,F
3394,69,22,LF
3395,70,22,LF
3396,70,23,RF
3397,71,23,LF
3398,71,24,LF
3399,70,24,RRF
3400,71,24,F
3401,72,24,F
3402,73,24,F
3403,74,24,RRF
3404,73,24,F
3405,72,24,LF
3406,72,23,LF
3407,73,23,F
3408,74,23,F
3409,75,23,RRF
3410,74,23,LF
3411,74,22,F
3412,74,21,RRF
3413,74,22,LF
3414,73,22,LF
3415,73,21,RRF
3416,73,22,LF
3417,72,22,LF
3418,72,21,RF
3419,71,21,LF
3420,71,20,LF
3421,72,20,F
3422,73,20,F
3423,74,20,RRF
3424,73,20,F
3425,72,20,F
3426,71,20,F
3427,70,20,RRF
3428,71,20,LF
3429,71,21,RF
3430,72,21,LF
3431,72,22,RF
3432,73,22,F
3433,74,22,LF
3434,74,23,LF
3435,73,23,F
3436,72,23,RF
3437,72,24,LF
3438,71,24,LF
3439,71,23,F
3440,71,22,RRF
3441,71,23,LF
3442,70,23,LF
3443,70,22,F
3444,70,21,RRF
3445,70,22,LF
3446,69,22,LF
3447,69,21,F
3448,69,20,F
3449,69,19,LF
3450,70,19,F
3451,71,19,RF
3452,71,18,LF
3453,72,18,LF
3454,72,19,RRF
3455,72,18,LF
3456,73,18,RRF
3457,72,18,F
3458,71,18,RF
3459,71,19,LF
3460,70,19,LF
3461,70,18,F
3462,70,17,LF
3463,71,17,F
3464,72,17,F
3465,73,17,RF
3466,73,16,RF
3467,72,16,RRF
3468,73,16,LF
3469,73,17,LF
3470,72,17,F
3471,71,17,LF
3472,71,16,RRF
3473,71,17,LF
3474,70,17,F
3475,69,17,LF
3476,69,16,LF
3477,70,16,RF
3478,70,15,LF
3479,71,15,RRF
3480,70,15,F
3481,69,15,RRF
3482,70,15,LF
3483,70,16,LF
3484,69,16,F
3485,68,16,LF
3486,68,15,RRF
3487,68,16,LF
3488,67,16,RRF
3489,68,16,F
3490,69,16,LF
3491,69,17,RF
3492,70,17,LF
3493,70,18,F
3494,70,19,LF
3495,69,19,LF
3496,69,18,RF
3497,68,18,F
3498,67,18,F
3499,66,18,LF
3500,66,17,LF
3501,67,17,F
3502,68,17,RRF
3503,67,17,F
3504,66,17,LF
3505,66,16,F
3506,66,15,LF
3507,67,15,RF
3508,67,14,LF
3509,68,14,F
3510,69,14,F
3511,70,14,F
3512,71,14,F
3513,72,14,LF
3514,72,15,RRF
3515,72,14,F
3516,72,13,LF
3517,73,13,F
3518,74,13,LF
3519,74,14,LF
3520,73,14,RRF
3521,74,14,F
3522,75,14,LF
3523,75,15,F
3524,75,16,F
3525,75,17,LF
3526,74,17,LF
3527,74,16,F
3528,74,15,RF
3529,73,15,RRF
3530,74,15,LF
3531,74,16,F
3532,74,17,RF
3533,75,17,LF
3534,75,18,RF
3535,76,18,LF
3536,76,19,LF
3537,75,19,F
3538,74,19,LF
3539,74,18,RRF
3540,74,19,LF
3541,73,19,RRF
3542,74,19,F
3543,75,19,LF
3544,75,20,F
3545,75,21,RRF
3546,75,20,LF
3547,76,20,LF
3548,76,21,RF
3549,77,21,F
3550,78,21,LF
3551,78,22,LF
3552,77,22,F
3553,76,22,F
3554,75,22,RRF
3555,76,22,F
3556,77,22,F
3557,78,22,LF
3558,78,23,LF
3559,77,23,F
3560,76,23,RRF
3561,77,23,LF
3562,77,24,LF
3563,76,24,F
3564,75,24,RRF
3565,76,24,F
3566,77,24,LF
3567,77,25,F
3568,77,26,LF
3569,76,26,LF
3570,76,25,RRF
3571,76,26,LF
3572,75,26,LF
3573,75,25,RRF
3574,75,26,LF
3575,74,26,LF
3576,74,25,RRF
3577,74,26,LF
3578,73,26,LF
3579,73,25,RRF
3580,73,26,LF
3581,72,26,LF
3582,72,25,RF
3583,71,25,RRF
3584,72,25,LF
3585,72,26,RF
3586,73,26,LF
3587,73,27,LF
3588,72,27,RF
3589,72,28,F
3590,72,29,F
3591,72,30,LF
3592,71,30,LF
3593,71,29,F
3594,71,28,F
3595,71,27,RF
3596,70,27,RF
3597,70,28,RRF
3598,70,27,LF
3599,71,27,LF
3600,71,28,F
3601,71,29,F
3602,71,30,LF
3603,70,30,LF
3604,70,29,RF
3605,69,29,LF
3606,69,28,RRF
3607,69,29,LF
3608,68,29,F
3609,67,29,RRF
3610,68,29,F
3611,69,29,LF
3612,69,30,F
3613,69,31,RRF
3614,69,30,F
3615,69,29,LF
3616,70,29,LF
3617,70,30,RF
3618,71,30,F
3619,72,30,RF
3620,72,29,LF
3621,73,29,LF
3622,73,30,F
3623,73,31,LF
3624,72,31,F
3625,71,31,F
3626,70,31,RF
3627,70,32,LF
3628,69,32,RF
3629,69,33,RF
3630,70,33,LF
3631,70,34,LF
3632,69,34,RRF
3633,70,34,LF
3634,70,35,LF
3635,69,35,F
3636,68,35,RRF
3637,69,35,F
3638,70,35,LF
3639,70,36,LF
3640,69,36,F
3641,68,36,F
3642,67,36,LF
3643,67,35,RF
3644,66,35,LF
3645,66,34,LF
3646,67,34,F
3647,68,34,RF
3648,68,33,RRF
3649,68,34,LF
3650,67,34,LF
3651,67,33,RRF
3652,67,34,LF
3653,66,34,LF
3654,66,33,F
3655,66,32,LF
3656,67,32,F
3657,68,32,RRF
3658,67,32,LF
3659,67,31,F
3660,67,30,LF
3661,68,30,LF
3662,68,31,RRF
3663,68,30,RF
3664,67,30,RF
3665,67,31,F
3666,67,32,LF
3667,66,32,RF
3668,66,33,F
3669,66,34,LF
3670,65,34,RRF
3671,66,34,LF
3672,66,35,RF
3673,67,35,LF
3674,67,36,LF
3675,66,36,RF
3676,66,37,LF
3677,65,37,LF
3678,65,36,F
3679,65,35,RRF
3680,65,36,F
3681,65,37,RF
3682,66,37,LF
3683,66,38,LF
3684,65,38,RF
3685,65,39,LF
3686,64,39,LF
3687,64,38,F
3688,64,37,RRF
3689,64,38,F
3690,64,39,LF
3691,63,39,LF
3692,63,38,F
3693,63,37,RF
3694,62,37,RRF
3695,63,37,LF
3696,63,38,F
3697,63,39,RF
3698,64,39,F
3699,65,39,LF
3700,65,40,LF
3701,64,40,RF
3702,64,41,LF
3703,63,41,LF
3704,63,40,RRF
3705,63,41,LF
3706,62,41,LF
3707,62,40,F
3708,62,39,RRF
3709,62,40,LF
3710,61,40,LF
3711,61,39,RRF
3712,61,40,LF
3713,60,40,RRF
3714,61,40,F
3715,62,40,LF
3716,62,41,LF
3717,61,41,RF
3718,61,42,F
3719,61,43,RF
3720,62,43,RRF
3721,61,43,LF
3722,61,42,F
3723,61,41,LF
3724,62,41,LF
3725,62,42,RRF
3726,62,41,LF
3727,63,41,F
3728,64,41,LF
3729,64,42,LF
3730,63,42,RRF
3731,64,42,LF
3732,64,43,RRF
3733,64,42,F
3734,64,41,LF
3735,65,41,LF
3736,65,42,F
3737,65,43,RF
3738,66,43,LF
3739,66,44,F
3740,66,45,LF
3741,65,45,F
3742,64,45,F
3743,63,45,F
3744,62,45,LF
3745,62,44,LF
3746,63,44,F
3747,64,44,F
3748,65,44,RRF
3749,64,44,F
3750,63,44,LF
3751,63,43,RRF
3752,63,44,LF
3753,62,44,RF
3754,62,45,F
3755,62,46,F
3756,62,47,LF
3757,61,47,LF
3758,61,46,F
3759,61,45,RF
3760,60,45,F
3761,59,45,LF
3762,59,44,LF
3763,60,44,F
3764,61,44,RRF
3765,60,44,F
3766,59,44,RF
3767,59,45,LF
3768,58,45,LF
3769,58,44,RRF
3770,58,45,RF
3771,59,45,F
3772,60,45,LF
3773,60,46,RRF
3774,60,45,LF
3775,61,45,LF
3776,61,46,F
3777,61,47,LF
3778,60,47,RF
3779,60,48,F
3780,60,49,LF
3781,59,49,LF
3782,59,48,F
3783,59,47,F
3784,59,46,RF
3785,58,46,F
3786,57,46,RRF
3787,58,46,LF
3788,58,47,RRF
3789,58,46,LF
3790,59,46,LF
3791,59,47,F
3792,59,48,LF
3793,58,48,RF
3794,58,49,RRF
3795,58,48,LF
3796,59,48,LF
3797,59,49,RF
3798,60,49,F
3799,61,49,F
3800,62,49,F
3801,63,49,RF
3802,63,48,LF
3803,64,48,LF
3804,64,49,RRF
3805,64,48,F
3806,64,47,RRF
3807,64,48,LF
3808,63,48,F
3809,62,48,RRF
3810,63,48,LF
3811,63,49,LF
3812,62,49,F
3813,61,49,F
3814,60,49,LF
3815,60,48,LF
3816,61,48,RRF
3817,60,48,LF
3818,60,47,LF
3819,61,47,F
3820,62,47,F
3821,63,47,RF
3822,63,46,RRF
3823,63,47,LF
3824,62,47,LF
3825,62,46,F
3826,62,45,LF
3827,63,45,F
3828,64,45,LF
3829,64,46,RRF
3830,64,45,LF
3831,65,45,LF
3832,65,46,RRF
3833,65,45,LF
3834,66,45,LF
3835,66,46,RRF
3836,66,45,F
3837,66,44,LF
3838,67,44,LF
3839,67,45,RRF
3840,67,44,LF
3841,68,44,LF
3842,68,45,F
3843,68,46,LF
3844,67,46,RRF
3845,68,46,F
3846,69,46,LF
3847,69,47,LF
3848,68,47,RRF
3849,69,47,RF
3850,69,46,LF
3851,70,46,LF
3852,70,47,F
3853,70,48,LF
3854,69,48,F
3855,68,48,F
3856,67,48,LF
3857,67,47,RF
3858,66,47,F
3859,65,47,RF
3860,65,48,F
3861,65,49,RF
3862,66,49,RRF
3863,65,49,LF
3864,65,48,LF
3865,66,48,RRF
3866,65,48,LF
3867,65,47,LF
3868,66,47,F
3869,67,47,LF
3870,67,48,RF
3871,68,48,F
3872,69,48,F
3873,70,48,F
3874,71,48,LF
3875,71,49,LF
3876,70,49,F
3877,69,49,F
3878,68,49,F
3879,67,49,RRF
3880,68,49,F
3881,69,49,F
3882,70,49,F
3883,71,49,RF
3884,71,48,RF
3885,70,48,LF
3886,70,47,LF
3887,71,47,RRF
3888,70,47,LF
3889,70,46,LF
3890,71,46,RRF
3891,70,46,LF
3892,70,45,LF
3893,71,45,F
3894,72,45,LF
3895,72,46,F
3896,72,47,F
3897,72,48,F
3898,72,49,RRF
3899,72,48,LF
3900,73,48,LF
3901,73,49,RF
3902,74,49,F
3903,75,49,F
3904,76,49,F
3905,77,49,RF
3906,77,48,LF
3907,78,48,RRF
3908,77,48,LF
3909,77,47,RRF
3910,77,48,F
3911,77,49,LF
3912,76,49,F
3913,75,49,LF
3914,75,48,LF
3915,76,48,RF
3916,76,47,RRF
3917,76,48,LF
3918,75,48,LF
3919,75,47,RRF
3920,75,48,F
3921,75,49,LF
3922,74,49,F
3923,73,49,LF
3924,73,48,LF
3925,74,48,RF
3926,74,47,RRF
3927,74,48,LF
3928,73,48,LF
3929,73,47,RRF
3930,73,48,LF
3931,72,48,LF
3932,72,47,F
3933,72,46,F
3934,72,45,F
3935,72,44,LF
3936,73,44,LF
3937,73,45,F
3938,73,46,RRF
3939,73,45,F
3940,73,44,F
3941,73,43,LF
3942,74,43,F
3943,75,43,F
3944,76,43,F
3945,77,43,LF
3946,77,44,LF
3947,76,44,RF
3948,76,45,F
3949,76,46,LF
3950,75,46,LF
3951,75,45,F
3952,75,44,RF
3953,74,44,RRF
3954,75,44,LF
3955,75,45,F
3956,75,46,LF
3957,74,46,LF
3958,74,45,RRF
3959,74,46,RF
3960,75,46,F
3961,76,46,F
3962,77,46,F
3963,78,46,LF
3964,78,47,RF
3965,79,47,LF
3966,79,48,F
3967,79,49,LF
3968,78,49,RRF
3969,79,49,F
3970,80,49,F
3971,81,49,RRF
3972,80,49,F
3973,79,49,LF
3974,79,48,F
3975,79,47,RF
3976,78,47,LF
3977,78,46,F
3978,78,45,LF
3979,79,45,LF
3980,79,46,RRF
3981,79,45,LF
3982,80,45,LF
3983,80,46,F
3984,80,47,F
3985,80,48,RRF
3986,80,47,LF
3987,81,47,LF
3988,81,48,RF
3989,82,48,LF
3990,82,49,RRF
3991,82,48,RF
3992,81,48,LF
3993,81,47,LF
3994,82,47,F
3995,83,47,F
3996,84,47,RF
3997,84,46,LF
3998,85,46,LF
3999,85,47,RRF
4000,85,46,LF
4001,86,46,LF
4002,86,47,RRF
4003,86,46,F
4004,86,45,LF
4005,87,45,RF
4006,87,44,F
4007,87,43,LF
4008,88,43,RRF
4009,87,43,LF
4010,87,42,RRF
4011,87,43,LF
4012,86,43,LF
4013,86,42,F
4014,86,41,LF
4015,87,41,F
4016,88,41,LF
4017,88,42,RRF
4018,88,41,LF
4019,89,41,F
4020,90,41,RF
4021,90,40,RRF
4022,90,41,LF
4023,89,41,F
4024,88,41,LF
4025,88,40,LF
4026,89,40,RF
4027,89,39,LF
4028,90,39,F
4029,91,39,RF
4030,91,38,LF
4031,92,38,F
4032,93,38,F
4033,94,38,LF
4034,94,39,LF
4035,93,39,F
4036,92,39,RF
4037,92,40,F
4038,92,41,LF
4039,91,41,LF
4040,91,40,RRF
4041,91,41,RF
4042,92,41,RF
4043,92,40,F
4044,92,39,LF
4045,93,39,LF
4046,93,40,F
4047,93,41,F
4048,93,42,F
4049,93,43,RF
4050,94,43,LF
4051,94,44,RF
4052,95,44,LF
4053,95,45,LF
4054,94,45,F
4055,93,45,LF
4056,93,44,RRF
4057,93,45,RF
4058,94,45,LF
4059,94,46,LF
4060,93,46,RRF
4061,94,46,LF
4062,94,47,LF
4063,93,47,F
4064,92,47,LF
4065,92,46,RF
4066,91,46,LF
4067,91,45,LF
4068,92,45,RRF
4069,91,45,LF
4070,91,44,F
4071,91,43,LF
4072,92,43,LF
4073,92,44,RRF
4074,92,43,F
4075,92,42,RRF
4076,92,43,LF
4077,91,43,LF
4078,91,42,RF
4079,90,42,F
4080,89,42,RRF
4081,90,42,F
4082,91,42,LF
4083,91,43,LF
4084,90,43,F
4085,89,43,RF
4086,89,44,RRF
4087,89,43,LF
4088,90,43,F
4089,91,43,LF
4090,91,44,LF
4091,90,44,RRF
4092,91,44,LF
4093,91,45,LF
4094,90,45,F
4095,89,45,F
4096,88,45,LF
4097,88,44,RRF
4098,88,45,RF
4099,89,45,LF
4100,89,46,LF
4101,88,46,F
4102,87,46,RRF
4103,88,46,F
4104,89,46,LF
4105,89,47,LF
4106,88,47,F
4107,87,47,RRF
4108,88,47,F
4109,89,47,LF
4110,89,48,F
4111,89,49,LF
4112,88,49,F
4113,87,49,LF
4114,87,48,LF
4115,88,48,RRF
4116,87,48,F
4117,86,48,F
4118,85,48,F
4119,84,48,F
4120,83,48,RF
4121,83,49,RF
4122,84,49,RRF
4123,83,49,LF
4124,83,48,LF
4125,84,48,F
4126,85,48,LF
4127,85,49,RF
4128,86,49,RRF
4129,85,49,LF
4130,85,48,LF
4131,86,48,F
4132,87,48,LF
4133,87,49,RF
4134,88,49,F
4135,89,49,RF
4136,89,48,F
4137,89,47,F
4138,89,46,F
4139,89,45,LF
4140,90,45,F
4141,91,45,LF
4142,91,46,LF
4143,90,46,RF
4144,90,47,F
4145,90,48,RRF
4146,90,47,F
4147,90,46,LF
4148,91,46,LF
4149,91,47,F
4150,91,48,F
4151,91,49,LF
4152,90,49,RRF
4153,91,49,RF
4154,91,48,LF
4155,92,48,LF
4156,92,49,RRF
4157,92,48,RF
4158,91,48,LF
4159,91,47,F
4160,91,46,LF
4161,92,46,LF
4162,92,47,RF
4163,93,47,LF
4164,93,48,F
4165,93,49,RF
4166,94,49,RRF
4167,93,49,LF
4168,93,48,LF
4169,94,48,RRF
4170,93,48,LF
4171,93,47,LF
4172,94,47,F
4173,95,47,F
4174,96,47,LF
4175,96,48,LF
4176,95,48,RRF
4177,96,48,LF
4178,96,49,LF
4179,95,49,RRF
4180,96,49,F
4181,97,49,F
4182,98,49,F
